{
  "name": "speech-synthesis",
  "version": "0.4.1",
  "description": "Speech Synthesis polyfill",
  "keywords": [
    "speech",
    "synthesis",
    "polyfill"
  ],
  "authors": [
    "Jan Antala <hello@janantala.com>"
  ],
  "license": "MIT",
  "homepage": "https://github.com/janantala/speech-synthesis",
  "main": "./src/polyfill.js",
  "repository": {
    "type": "git",
    "url": "https://github.com/janantala/speech-synthesis.git"
  },
  "ignore": [
    "**/.*",
    "node_modules",
    "bower_components",
    "test*",
    "index.html",
    "gulpfile.js",
    "package.json"
  ],
  "dependencies": {},
  "devDependencies": {},
  "_release": "0.4.1",
  "_resolution": {
    "type": "version",
    "tag": "0.4.1",
    "commit": "e2dfd1f47442dabcbe24c988e60b927e8fb8b3c3"
  },
  "_source": "https://github.com/arvindr21/speech-synthesis-cordova.git",
  "_target": "*",
  "_originalSource": "https://github.com/arvindr21/speech-synthesis-cordova.git"
}